name,bus1,kv,kVA
10DKX-760417_PVsystem_2,10DKX-760417_bus_20,0.4,198
10DKX-760417_PVsystem_5,10DKX-760417_bus_33,0.4,179
10DKX-760417_PVsystem_6,10DKX-760417_bus_35,0.4,200
10DKX-760417_PVsystem_7,10DKX-760417_bus_36,0.4,370
10DKX-760417_PVsystem_8,10DKX-760417_bus_37,0.4,397
10DKX-760417_PVsystem_9,10DKX-760417_bus_39,0.4,399
10DKX-760417_PVsystem_10,10DKX-760417_bus_43,0.4,196
10DKX-760417_PVsystem_12,10DKX-760417_bus_48,0.4,400
10DKX-760417_PVsystem_13,10DKX-760417_bus_50,0.4,424
10DKX-760417_PVsystem_14,10DKX-760417_bus_53,0.4,180
10DKX-760417_PVsystem_15,10DKX-760417_bus_56,0.4,198
10DKX-760417_PVsystem_16,10DKX-760417_bus_58,0.4,132
10DKX-760417_PVsystem_18,10DKX-760417_bus_62,0.4,315
10DKX-760417_PVsystem_27,10DKX-760417_bus_87,0.4,382
10DKX-760417_PVsystem_28,10DKX-760417_bus_88,0.4,376
10DKX-760417_PVsystem_31,10DKX-760417_bus_98,0.4,391
10DKX-760417_PVsystem_32,10DKX-760417_bus_100,0.4,169
10DKX-760417_PVsystem_33,10DKX-760417_bus_101,0.4,390
10DKX-760417_PVsystem_34,10DKX-760417_bus_102,0.4,387
10DKX-760417_PVsystem_35,10DKX-760417_bus_103,0.4,181
10DKX-760417_PVsystem_36,10DKX-760417_bus_104,0.4,313
10DKX-760417_PVsystem_37,10DKX-760417_bus_105,0.4,394
10DKX-760417_PVsystem_38,10DKX-760417_bus_106,0.4,433
10DKX-760417_PVsystem_39,10DKX-760417_bus_108,0.4,393
10DKX-760417_PVsystem_40,10DKX-760417_bus_109,0.4,208
10DKX-760417_PVsystem_43,10DKX-760417_bus_120,0.4,377
10DKX-760417_PVsystem_44,10DKX-760417_bus_123,0.4,400
10DKX-760417_PVsystem_45,10DKX-760417_bus_124,0.4,159
10DKX-760417_PVsystem_46,10DKX-760417_bus_126,0.4,200
10DKX-760417_PVsystem_47,10DKX-760417_bus_128,0.4,199
10DKX-760417_PVsystem_48,10DKX-760417_bus_129,0.4,388
10DKX-760417_PVsystem_49,10DKX-760417_bus_131,0.4,420
10DKX-760417_PVsystem_50,10DKX-760417_bus_137,0.4,400
10DKX-760417_PVsystem_51,10DKX-760417_bus_141,0.4,192
10DKX-760417_PVsystem_53,10DKX-760417_bus_145,0.4,187
10DKX-760417_PVsystem_54,10DKX-760417_bus_146,0.4,400
10DKX-760417_PVsystem_55,10DKX-760417_bus_147,0.4,400
10DKX-760417_PVsystem_56,10DKX-760417_bus_149,0.4,199
10DKX-760417_PVsystem_57,10DKX-760417_bus_150,0.4,355
10DKX-760417_PVsystem_58,10DKX-760417_bus_151,0.4,200
10DKX-760417_PVsystem_63,10DKX-760417_bus_164,0.4,199.65
10DKX-760417_PVsystem_64,10DKX-760417_bus_165,0.4,249
