name,bus1,kv,kVA
10DKX-526385_PVsystem_1,10DKX-526385_bus_3,0.4,38.75
10DKX-526385_PVsystem_2,10DKX-526385_bus_9,0.4,12.6
10DKX-526385_PVsystem_3,10DKX-526385_bus_13,0.4,131.34
10DKX-526385_PVsystem_6,10DKX-526385_bus_23,0.4,17.82
10DKX-526385_PVsystem_9,10DKX-526385_bus_30,0.4,23.45
10DKX-526385_PVsystem_15,10DKX-526385_bus_48,0.4,160.925
10DKX-526385_PVsystem_16,10DKX-526385_bus_51,0.4,82.4
10DKX-526385_PVsystem_17,10DKX-526385_bus_53,0.4,42.175
10DKX-526385_PVsystem_19,10DKX-526385_bus_61,0.4,108.55
10DKX-526385_PVsystem_22,10DKX-526385_bus_71,0.4,56.36
10DKX-526385_PVsystem_24,10DKX-526385_bus_76,0.4,50.28
10DKX-526385_PVsystem_25,10DKX-526385_bus_78,0.4,40.02
10DKX-526385_PVsystem_27,10DKX-526385_bus_82,0.4,65.485
10DKX-526385_PVsystem_30,10DKX-526385_bus_88,0.4,26.2
10DKX-526385_PVsystem_31,10DKX-526385_bus_90,0.4,7.56
10DKX-526385_PVsystem_32,10DKX-526385_bus_92,0.4,77.22
10DKX-526385_PVsystem_33,10DKX-526385_bus_94,0.4,66.35
10DKX-526385_PVsystem_34,10DKX-526385_bus_96,0.4,72.625
